customer_id,customer_name,email,registration_date,customer_type
CUST00001,Aryan Maharaj,udantdewan@example.net,2023-12-03,VIP
CUST00002,Pahal Balay,invalid_email.com,2025-08-20,REGULAR
CUST00003,Rushil Saini,saumyamall@example.org,2024-03-01,REGULAR
CUST00004,Harini Mall,tanveernayar@example.org,2023-11-18,VIP
CUST00005,Gunbir Parmer,aishani07@example.net,2024-01-06,PREMIUM
CUST00006,Farhan Memon,rehaan10@example.net,2024-06-15,REGULAR
CUST00007,Fariq Kaul,raiarunima@example.com,2026-03-10,REGULAR
CUST00008,Nicholas Prabhakar,shaurya41@example.net,2026-03-09,REGULAR
CUST00009,Yash Gade,rraghavan@example.net,2026-05-31,VIP
CUST00010,Ekta Bhalla,azadmutti@example.com,2024-08-15,REGULAR
CUST00011,Siddharth Murty,xalakrandhawa@example.net,2025-06-08,VIP
CUST00012,Alka Dewan,adyasangha@example.net,2025-03-08,VIP
CUST00013,Theodore Devi,wchand@example.org,2023-12-14,VIP
CUST00014,Nathaniel Sami,rajanlakshmi@example.net,2025-06-23,REGULAR
CUST00015,Advay Contractor,harini14@example.com,2024-02-27,VIP
CUST00016,Aarush Lall,yashicacherian@example.net,2024-10-02,PREMIUM
CUST00017,Michael Prakash,aadinaik@example.com,2023-07-27,REGULAR
CUST00018,Janani Mohanty,dalbirkhosla@example.net,2023-10-27,REGULAR
CUST00019,Vedika Biswas,kabirsoman@example.net,2024-03-09,REGULAR
CUST00020,Pallavi Kakar,devikarastogi@example.net,2026-04-01,REGULAR
CUST00021,Raksha Varughese,pdara@example.org,2023-10-04,REGULAR
CUST00022,Ansh Karpe,abhimanyubobal@example.net,2026-03-03,VIP
CUST00023,Veer Bir,narayananekavir@example.net,2024-06-30,VIP
CUST00024,Vedika Kala,urvashikibe@example.com,2025-03-20,REGULAR
CUST00025,Girindra Chatterjee,bpandya@example.com,2025-06-21,VIP
CUST00026,Guneet Bhat,znori@example.org,2024-07-17,REGULAR
CUST00027,Ranveer Yadav,bdey@example.org,2024-09-01,VIP
CUST00028,Zaid Borra,dchaudhari@example.net,2025-10-13,VIP
CUST00029,Girik Khalsa,niharikasunder@example.com,2024-05-24,VIP
CUST00030,Daniel Gala,yagate@example.com,2025-06-02,VIP
CUST00031,Pallavi Sur,ranveerminhas@example.org,2023-09-25,PREMIUM
CUST00032,Dipta Bhandari,soodyadavi@example.net,2024-02-26,REGULAR
CUST00033,Yashoda Buch,ekapadbir@example.net,2024-06-26,PREMIUM
CUST00034,Jagdish Koshy,bumboni@example.net,2025-12-19,VIP
CUST00035,Advika Jayaraman,william46@example.org,2026-05-05,PREMIUM
CUST00036,Tanvi Mutti,andratara@example.net,2025-11-17,REGULAR
CUST00037,Ethan Yogi,yashawinilanka@example.org,2024-12-20,REGULAR
CUST00038,Yash Pingle,nakul78@example.net,2024-10-08,VIP
CUST00039,Chandani Chawla,aishanidalia@example.org,2025-11-02,PREMIUM
CUST00040,Anita Manda,hemaljani@example.net,2026-03-08,PREMIUM
CUST00041,Yashasvi Suresh,charan16@example.com,2023-09-03,PREMIUM
CUST00042,Gauri De,neel78@example.net,2025-04-21,REGULAR
CUST00043,Isaac Borra,balendrapingle@example.net,2025-11-01,REGULAR
CUST00044,Qushi Datta,morarjanya@example.org,2025-01-02,PREMIUM
CUST00045,Zaid Chauhan,niharika92@example.org,2024-03-05,REGULAR
CUST00046,Nitara Bakshi,gaurangisabharwal@example.net,2024-07-16,REGULAR
CUST00047,Nathaniel Chokshi,ebarad@example.org,2024-05-02,PREMIUM
CUST00048,Inaya Mody,udantbajwa@example.net,2024-04-22,REGULAR
CUST00049,Falguni Mallick,mallickindali@example.net,2025-08-26,PREMIUM
CUST00050,Garima Bala,lalpranav@example.net,2024-08-12,PREMIUM
CUST00051,Ikbal Saraf,dipta69@example.net,2023-12-23,VIP
CUST00052,Ranveer Kumar,sarinaarav@example.net,2025-10-10,PREMIUM
CUST00053,Januja Sankar,narayanandipta@example.net,2024-01-06,REGULAR
CUST00054,Yashica More,znarain@example.net,2024-09-28,VIP
CUST00055,Rehaan Salvi,nghosh@example.net,2024-10-06,PREMIUM
CUST00056,Aadi Modi,shivansh69@example.net,2026-04-09,VIP
CUST00057,Udyati Sathe,gkala@example.com,2024-03-16,REGULAR
CUST00058,Bhanumati Varma,girik34@example.org,2024-05-01,PREMIUM
CUST00059,Aryan Batra,vaishnavibora@example.com,2025-03-31,REGULAR
CUST00060,Leena Talwar,jkohli@example.net,2026-05-30,VIP
CUST00061,Hredhaan Sandal,patrickvasa@example.com,2023-09-13,PREMIUM
CUST00062,Jairaj Shan,ucchalwali@example.net,2026-01-07,VIP
CUST00063,Saanvi Thaman,invalid_email.com,2025-07-03,VIP
CUST00064,Aashi Kota,vedhika34@example.com,2023-10-25,PREMIUM
CUST00065,Wahab Magar,ekaja81@example.org,2024-02-16,VIP
CUST00066,Leela Dua,devanshsachdeva@example.com,2024-11-22,REGULAR
CUST00067,Ojasvi Bhatia,osharamachandran@example.net,2026-06-11,VIP
CUST00068,Lajita Sood,pandeychanchal@example.com,2025-04-07,REGULAR
CUST00069,Vinaya Kanda,rajata70@example.com,2024-11-30,REGULAR
CUST00070,Noah Sibal,aviramesh@example.net,2025-11-19,VIP
CUST00071,Fiyaz Sangha,triyagopal@example.org,2024-08-04,REGULAR
CUST00072,Falak Kakar,vnarain@example.com,2024-09-01,PREMIUM
CUST00073,Zayyan Bumb,vbahl@example.net,2023-09-15,REGULAR
CUST00074,Udarsh Biswas,balasubramanianyug@example.org,2023-07-28,REGULAR
CUST00075,William Date,kcontractor@example.org,2025-06-18,REGULAR
CUST00076,Jyoti Ganesh,gadedeepa@example.org,2025-12-11,PREMIUM
CUST00077,Devika Prashad,eissac@example.net,2026-06-03,PREMIUM
CUST00078,Harsh Mitra,barmanidika@example.net,2025-04-22,PREMIUM
CUST00079,Ekapad Toor,advik67@example.org,2025-04-30,VIP
CUST00080,Tripti Dua,ugoda@example.net,2026-04-02,PREMIUM
CUST00081,Veda Shroff,uloyal@example.org,2023-11-08,REGULAR
CUST00082,Shravya Kohli,vraghavan@example.org,2025-08-02,PREMIUM
CUST00083,Qabil Sura,ishakuruvilla@example.com,2024-09-03,PREMIUM
CUST00084,Advaith Varughese,frederickkhurana@example.net,2025-03-19,REGULAR
CUST00085,Wridesh Soni,ysem@example.org,2023-11-18,VIP
CUST00086,Timothy Ravel,daminipillay@example.com,2025-11-02,PREMIUM
CUST00087,Pavani Narayanan,sudiksha44@example.com,2024-06-19,VIP
CUST00088,Reyansh Mutti,wasonqasim@example.org,2024-05-28,VIP
CUST00089,Aradhana Vohra,harish34@example.org,2025-01-07,VIP
CUST00090,Chasmum Atwal,anushabath@example.org,2025-11-02,REGULAR
CUST00091,Jonathan Swaminathan,arorabhavani@example.com,2025-07-09,VIP
CUST00092,Harini Gour,krishnanvanya@example.org,2023-10-06,VIP
CUST00093,Vyanjana Borah,doshimanthan@example.net,2024-10-10,REGULAR
CUST00094,Yuvraj Dani,xkara@example.net,2025-02-06,VIP
CUST00095,Saanvi Mishra,kmody@example.net,2023-09-28,VIP
CUST00096,Sarthak Kakar,finn23@example.org,2025-10-31,REGULAR
CUST00097,Naksh Agate,sseshadri@example.net,2025-06-25,REGULAR
CUST00098,Bachittar Kata,barkha71@example.net,2024-06-23,PREMIUM
CUST00099,Rudra Sandal,karmanthan@example.com,2024-02-02,PREMIUM
CUST00100,Darpan Gandhi,bhavya71@example.com,2026-05-31,PREMIUM
CUST00101,Neha Magar,fsarma@example.net,2023-08-27,VIP
CUST00102,Ekantika Krishna,chandveer@example.net,2025-12-06,VIP
CUST00103,Amruta Baria,upmavenkataraman@example.net,2025-05-13,VIP
CUST00104,Pratyush Sarin,echand@example.com,2025-03-22,REGULAR
CUST00105,Ekani Cheema,forumsabharwal@example.net,2025-08-04,VIP
CUST00106,Nandini Bansal,uchakrabarti@example.com,2024-11-10,PREMIUM
CUST00107,Netra Varkey,shereodika@example.org,2024-04-13,REGULAR
CUST00108,Wishi Sathe,janiamara@example.net,2024-01-16,REGULAR
CUST00109,Raksha Sundaram,balakrishnanwriddhish@example.net,2024-02-28,REGULAR
CUST00110,Akshay Reddy,karishaan@example.com,2023-12-26,PREMIUM
CUST00111,Wishi Manne,ojasvi77@example.org,2025-06-05,PREMIUM
CUST00112,Leela Halder,ekarajmajumdar@example.com,2024-12-05,PREMIUM
CUST00113,Aarnav Mandal,vrishti27@example.net,2025-07-18,REGULAR
CUST00114,Gaurangi Purohit,mnagy@example.net,2024-07-01,REGULAR
CUST00115,Vivaan Roy,nadkarniurvashi@example.net,2025-02-08,VIP
CUST00116,Max Tandon,dateyadavi@example.net,2024-11-23,VIP
CUST00117,Ria Chaudhry,uaurora@example.org,2025-03-24,PREMIUM
CUST00118,Falan Singh,hamsini96@example.net,2023-10-29,REGULAR
CUST00119,Lajita Nadig,nbanik@example.org,2024-06-25,VIP
CUST00120,Utkarsh Chana,wchaudhari@example.net,2026-06-24,PREMIUM
CUST00121,Sachi Ganesan,ayush05@example.org,2024-09-24,PREMIUM
CUST00122,Kavya Sankar,yashwali@example.com,2025-11-22,VIP
CUST00123,Onkar Gill,rajawridesh@example.com,2025-12-18,PREMIUM
CUST00124,Vincent Shenoy,tripti40@example.com,2024-09-15,REGULAR
CUST00125,Ethan Sathe,chandani64@example.com,2024-10-08,PREMIUM
CUST00126,Leena Subramanian,khalsalakshmi@example.net,2025-01-04,REGULAR
CUST00127,Chakrika Bains,amaharaj@example.net,2026-05-27,REGULAR
CUST00128,Watika Mangat,indirakanda@example.net,2024-04-17,VIP
CUST00129,Laksh Chatterjee,moreridhi@example.org,2025-12-13,VIP
CUST00130,Karan Chana,eta62@example.org,2024-01-18,VIP
CUST00131,Yachana Mahajan,aarinisubramaniam@example.com,2024-12-04,PREMIUM
CUST00132,Upadhriti Borra,upkaarranganathan@example.net,2025-01-15,VIP
CUST00133,Megha Atwal,jatin75@example.net,2026-05-06,VIP
CUST00134,Lakshmi Prabhu,kaururishilla@example.org,2026-02-13,PREMIUM
CUST00135,Timothy Bhatnagar,pmittal@example.com,2023-12-25,VIP
CUST00136,Chakradev Barad,waida11@example.org,2025-10-09,PREMIUM
CUST00137,Lipika Setty,oni92@example.com,2026-04-09,PREMIUM
CUST00138,Vrishti Reddy,bachittar53@example.com,2025-05-17,REGULAR
CUST00139,Janani Chaudhary,jagrati06@example.com,2024-04-16,REGULAR
CUST00140,Suhani Chand,anshbedi@example.com,2024-07-09,VIP
CUST00141,Samesh Biswas,tarakkaul@example.com,2024-02-11,PREMIUM
CUST00142,Aradhana Dhillon,zashilghosh@example.org,2026-04-18,REGULAR
CUST00143,Karan Aurora,wazir95@example.org,2024-03-23,REGULAR
CUST00144,Charles Date,hvora@example.net,2023-10-03,REGULAR
CUST00145,Saumya Pathak,sethyahvi@example.org,2026-02-06,REGULAR
CUST00146,Charvi Shanker,bhatvarenya@example.com,2025-04-19,VIP
CUST00147,Vritti Sawhney,buchekanta@example.net,2024-02-12,REGULAR
CUST00148,Jonathan Maharaj,lakshmi98@example.com,2025-05-31,VIP
CUST00149,Hardik Contractor,qushiseth@example.org,2025-03-30,PREMIUM
CUST00150,Sudiksha Rastogi,uchandran@example.com,2024-10-24,VIP
CUST00151,Kavya Dua,fbhavsar@example.org,2023-11-18,REGULAR
CUST00152,Gopal Pradhan,darpannarayan@example.net,2024-01-02,PREMIUM
CUST00153,Irya Sampath,manidevika@example.com,2023-12-04,PREMIUM
CUST00154,Mohammed Subramaniam,hritikpalla@example.net,2025-01-17,VIP
CUST00155,Arya Kara,mbal@example.net,2026-06-08,PREMIUM
CUST00156,Ayush Gole,dayamai55@example.org,2024-04-03,VIP
CUST00157,Nandini Boase,azaanchand@example.net,2025-09-28,PREMIUM
CUST00158,Krisha Saini,kom@example.com,2024-10-23,VIP
CUST00159,Frado Ben,nakulbawa@example.net,2023-10-31,REGULAR
CUST00160,Saanvi Samra,asathe@example.com,2024-05-26,VIP
CUST00161,Hemani Sani,mandervidhi@example.net,2026-04-28,VIP
CUST00162,Chakradev Kannan,abhakta@example.org,2024-10-07,REGULAR
CUST00163,Laksh Kumer,invalid_email.com,2025-04-25,VIP
CUST00164,Kai Rai,xitipandya@example.org,2025-03-04,VIP
CUST00165,Rajata Bahl,ubrahmbhatt@example.net,2025-04-23,PREMIUM
CUST00166,Omisha Mann,ravelansh@example.com,2024-03-19,VIP
CUST00167,Janaki Chakrabarti,pcherian@example.com,2025-12-27,PREMIUM
CUST00168,Farhan Randhawa,harinakshi35@example.org,2023-10-23,REGULAR
CUST00169,Yashvi Hari,indali23@example.org,2024-02-09,PREMIUM
CUST00170,Rudra Ghose,faqidgoel@example.net,2025-08-02,PREMIUM
CUST00171,Saumya Naidu,matthew71@example.com,2025-05-13,REGULAR
CUST00172,Anvi Bhalla,yashica14@example.com,2025-05-29,PREMIUM
CUST00173,Dakshesh Pillay,faraj19@example.net,2025-08-22,REGULAR
CUST00174,Turvi Barman,uguha@example.net,2025-07-04,VIP
CUST00175,David Seshadri,ozafrado@example.net,2026-03-26,VIP
CUST00176,Balveer Kota,hsarna@example.net,2026-01-29,PREMIUM
CUST00177,Januja Pradhan,lila65@example.net,2026-01-10,VIP
CUST00178,Gaurika Bhatti,girindra86@example.com,2024-07-22,REGULAR
CUST00179,Gauri Bumb,inayamukherjee@example.net,2026-06-16,VIP
CUST00180,Kai Chad,krisha52@example.net,2026-06-22,REGULAR
CUST00181,Pallavi Trivedi,andrew54@example.org,2024-05-24,VIP
CUST00182,Vedika Handa,lakshdubey@example.org,2024-09-28,PREMIUM
CUST00183,Yashica Zacharia,nayarkaran@example.net,2025-02-01,VIP
CUST00184,Nicholas Golla,rakshabassi@example.com,2025-01-12,VIP
CUST00185,Sachi Mane,ikaur@example.org,2024-10-19,VIP
CUST00186,Rishi Pillai,xshenoy@example.com,2025-02-09,REGULAR
CUST00187,Neel Iyengar,zashilben@example.net,2025-07-12,REGULAR
CUST00188,Harshil Varty,manefiyaz@example.org,2024-08-23,PREMIUM
CUST00189,Yochana Din,ochand@example.com,2024-12-21,REGULAR
CUST00190,Oeshi Bera,xthakkar@example.org,2025-02-15,VIP
CUST00191,Kavya Kapur,nagarhardik@example.net,2026-04-01,VIP
CUST00192,Madhav Devan,mangaturmi@example.net,2024-01-28,REGULAR
CUST00193,Saumya Ahluwalia,bahlaahana@example.org,2024-02-14,VIP
CUST00194,Indrajit Mani,charvidara@example.org,2024-07-01,PREMIUM
CUST00195,Tanvi Bhatnagar,tataamol@example.net,2025-09-04,PREMIUM
CUST00196,Maanas Manne,nagarwal@example.com,2024-07-04,REGULAR
CUST00197,Rachit Chada,ekansh88@example.net,2025-08-23,REGULAR
CUST00198,Madhavi Singhal,ramkashvi@example.com,2023-07-22,PREMIUM
CUST00199,Ekansh Pai,hemangnatarajan@example.org,2023-09-03,PREMIUM
CUST00200,Hamsini Gill,osrinivas@example.org,2024-01-22,REGULAR
CUST00201,Tanvi Bansal,saksham03@example.org,2024-10-29,REGULAR
CUST00202,Yutika Rao,ckulkarni@example.net,2024-04-18,REGULAR
CUST00203,Ishanvi Batta,anjali15@example.com,2025-03-09,VIP
CUST00204,Libni Nori,watikatank@example.com,2025-09-10,REGULAR
CUST00205,Fitan Samra,sanipranit@example.net,2024-09-25,REGULAR
CUST00206,Harshil Buch,chakrika47@example.net,2025-04-18,VIP
CUST00207,Sachi Panchal,ubasak@example.com,2026-02-06,PREMIUM
CUST00208,Anvi Bhandari,ravijanuja@example.net,2026-05-17,REGULAR
CUST00209,Azaan Dhar,ibanerjee@example.org,2024-06-27,VIP
CUST00210,Janaki Rajagopal,dubeshivani@example.com,2025-01-24,REGULAR
CUST00211,Faraj Devan,mitali54@example.org,2023-12-20,REGULAR
CUST00212,Quincy Tata,qdalal@example.com,2026-06-24,VIP
CUST00213,Tanish Mangal,hiyengar@example.org,2023-10-20,PREMIUM
CUST00214,Orinder Saxena,nagarajanidika@example.net,2023-10-05,VIP
CUST00215,Charita Dugar,janakitrivedi@example.org,2024-01-01,REGULAR
CUST00216,Liam Khalsa,xbal@example.net,2025-12-02,PREMIUM
CUST00217,Unni Dayal,bhattidayamai@example.com,2025-07-09,VIP
CUST00218,Nimrat Borah,edhithaborah@example.com,2025-06-19,VIP
CUST00219,Kabir Gopal,rachitathakkar@example.org,2024-01-05,PREMIUM
CUST00220,Daksha Gala,ekantikakar@example.com,2025-09-10,REGULAR
CUST00221,Farhan Krishna,anvidass@example.net,2024-10-09,VIP
CUST00222,Yadavi Ganguly,onveernazareth@example.net,2023-08-29,VIP
CUST00223,Finn Bath,shivansh96@example.net,2026-03-15,VIP
CUST00224,Widisha Mann,vasudha36@example.com,2025-05-31,REGULAR
CUST00225,Darpan Dugar,esagar@example.com,2024-05-08,VIP
CUST00226,Maanas Munshi,hemani62@example.com,2025-09-03,PREMIUM
CUST00227,Eiravati Khurana,rdas@example.com,2024-07-16,PREMIUM
CUST00228,Gunbir Bedi,leena96@example.org,2024-03-01,VIP
CUST00229,Dhriti Gupta,wishivarma@example.com,2025-08-09,VIP
CUST00230,Widisha Bajaj,ramaswamyyashasvi@example.com,2024-07-04,PREMIUM
CUST00231,Ira Bava,mandawarda@example.net,2026-04-08,PREMIUM
CUST00232,Bhavika Yadav,chokshiraagini@example.org,2024-08-10,VIP
CUST00233,Neha Pau,rattancharan@example.net,2025-11-15,PREMIUM
CUST00234,Janani Mani,rajuyamini@example.com,2025-10-28,REGULAR
CUST00235,Jagat Dave,rameshkashvi@example.com,2025-11-09,REGULAR
CUST00236,Maanas Issac,ctella@example.org,2023-08-26,REGULAR
CUST00237,Gauri Som,mdixit@example.net,2024-01-30,REGULAR
CUST00238,Eiravati Gaba,lmistry@example.com,2025-08-23,PREMIUM
CUST00239,Chandani Soman,pillaygarima@example.net,2023-12-14,REGULAR
CUST00240,Darika Bala,planka@example.net,2025-12-10,VIP
CUST00241,Charan Srinivasan,lajitadivan@example.net,2024-07-07,VIP
CUST00242,Imaran Halder,sastrydipta@example.com,2024-02-17,REGULAR
CUST00243,Samar Roy,tbhatia@example.org,2025-09-09,VIP
CUST00244,Ekta Sridhar,lmurthy@example.com,2025-10-02,REGULAR
CUST00245,Irya Lalla,phanda@example.com,2025-11-09,REGULAR
CUST00246,Umang Mishra,sarthak75@example.com,2024-12-19,REGULAR
CUST00247,Bhavna Dara,wrana@example.org,2024-09-20,VIP
CUST00248,Bhavna Brar,riya47@example.org,2024-05-05,VIP
CUST00249,Anita Devan,khatrixavier@example.org,2026-05-02,REGULAR
CUST00250,Viraj Ben,sachdevganga@example.net,2025-06-29,REGULAR
CUST00251,Laksh Ahluwalia,niharikasoni@example.com,2026-04-02,REGULAR
CUST00252,Bhavna Nagi,daniel19@example.org,2025-10-05,REGULAR
CUST00253,Parth Sahni,balhaarranganathan@example.com,2024-04-11,PREMIUM
CUST00254,Baljiwan Andra,hredhaan54@example.com,2026-03-19,REGULAR
CUST00255,Krish Thaman,mmahajan@example.org,2024-11-21,VIP
CUST00256,Tara Kurian,akshaynazareth@example.com,2025-11-25,REGULAR
CUST00257,Parth Ravi,uvarma@example.org,2025-03-10,PREMIUM
CUST00258,Qasim Dey,pnaik@example.org,2024-08-05,VIP
CUST00259,Warinder Sekhon,forum49@example.net,2025-12-02,PREMIUM
CUST00260,Advika Parsa,daviddani@example.com,2024-10-15,REGULAR
CUST00261,Nidra Thakkar,jacob45@example.net,2024-06-04,VIP
CUST00262,Kiaan Sridhar,suhaniprakash@example.com,2026-06-21,REGULAR
CUST00263,Tejas Kota,vorasanya@example.net,2026-06-24,VIP
CUST00264,Faras Choudhury,tiwarisamaksh@example.net,2025-10-07,VIP
CUST00265,Nitesh Narang,rdada@example.org,2025-12-18,VIP
CUST00266,Gavin Uppal,dbhakta@example.org,2025-09-01,PREMIUM
CUST00267,Tanmayi Bhardwaj,umorar@example.org,2025-03-03,REGULAR
CUST00268,Aarush Kamdar,bathpallavi@example.com,2026-06-19,PREMIUM
CUST00269,Darpan Biswas,sbalay@example.com,2024-04-01,PREMIUM
CUST00270,Osha Prasad,ysen@example.com,2023-10-29,REGULAR
CUST00271,Ijaya Dani,mayawadhwa@example.org,2024-06-06,REGULAR
CUST00272,Arin Misra,isamra@example.com,2024-06-17,REGULAR
CUST00273,Triveni Pal,anyagulati@example.net,2023-12-19,VIP
CUST00274,Oni Babu,samuelbhavsar@example.org,2026-01-04,PREMIUM
CUST00275,Sanya Bava,chaitanyaratti@example.com,2024-06-25,PREMIUM
CUST00276,Daksh Dey,vivaan95@example.net,2026-01-10,PREMIUM
CUST00277,Warjas Mittal,timothysachdev@example.com,2024-08-27,PREMIUM
CUST00278,Parth Sane,wbatta@example.net,2026-05-04,PREMIUM
CUST00279,Eiravati Saha,tdixit@example.com,2024-04-07,VIP
CUST00280,Wridesh Kar,maanas70@example.net,2025-03-29,REGULAR
CUST00281,Krish Rama,aadhyajani@example.com,2026-03-27,VIP
CUST00282,Shivani Prabhakar,wasonrayaan@example.org,2024-08-17,VIP
CUST00283,Balveer Bora,teerthsrinivas@example.org,2024-11-25,VIP
CUST00284,Alexander Kakar,jacobsrinivas@example.org,2026-06-11,REGULAR
CUST00285,Mekhala Khatri,barkha67@example.net,2026-03-30,REGULAR
CUST00286,Darika Lal,yochana77@example.org,2025-06-25,PREMIUM
CUST00287,Samar Prabhakar,odika09@example.org,2024-02-08,VIP
CUST00288,Advika Sahni,michael35@example.org,2025-02-06,PREMIUM
CUST00289,Xalak Nazareth,vrinda77@example.org,2024-12-25,REGULAR
CUST00290,Logan Suresh,danielviswanathan@example.org,2023-10-20,REGULAR
CUST00291,Abeer Sachar,vihaanbir@example.net,2024-02-16,REGULAR
CUST00292,Tejas Tiwari,dprakash@example.net,2026-03-13,REGULAR
CUST00293,Vinaya Babu,walinisha@example.org,2023-07-22,VIP
CUST00294,Bhavini Badal,ggola@example.org,2025-09-18,PREMIUM
CUST00295,Wridesh Handa,irya46@example.org,2025-01-26,REGULAR
CUST00296,Tripti Kohli,charitabuch@example.net,2026-04-01,PREMIUM
CUST00297,Girik Ravi,jpurohit@example.com,2023-09-22,REGULAR
CUST00298,Onveer Butala,invalid_email.com,2025-11-22,PREMIUM
CUST00299,Brijesh Karpe,vaishnavimadan@example.org,2023-10-20,PREMIUM
CUST00300,Bachittar Gola,amol39@example.org,2025-03-06,REGULAR
CUST00301,Chandani Gaba,lopazachariah@example.com,2025-02-12,REGULAR
CUST00302,Farhan Tella,chatresh16@example.org,2023-10-23,PREMIUM
CUST00303,Mekhala Narain,mahajanshravya@example.com,2024-06-15,VIP
CUST00304,Keya Sankaran,lajitachada@example.net,2024-09-27,REGULAR
CUST00305,Ethan Butala,mitesh62@example.net,2025-02-21,REGULAR
CUST00306,Jalsa Chhabra,ahluwaliadarika@example.com,2025-01-06,VIP
CUST00307,Harsh Deo,invalid_email.com,2025-11-08,VIP
CUST00308,Harshil Bal,pandyagirik@example.net,2026-01-11,REGULAR
CUST00309,Lekha Arora,odika61@example.net,2025-11-12,REGULAR
CUST00310,Omkaar Rai,liamluthra@example.com,2024-08-16,REGULAR
CUST00311,Madhav Bhatnagar,radhikamajumdar@example.com,2024-10-04,REGULAR
CUST00312,Faraj Patel,yatin79@example.net,2024-04-25,PREMIUM
CUST00313,Hredhaan Deshmukh,invalid_email.com,2025-02-06,PREMIUM
CUST00314,Ria Natt,tdeshpande@example.com,2026-01-19,PREMIUM
CUST00315,Varenya Murthy,mitalinagar@example.com,2026-06-10,REGULAR
CUST00316,Xavier Nanda,ymand@example.com,2025-01-14,PREMIUM
CUST00317,Ryan Gole,shenoyshaurya@example.com,2024-09-21,REGULAR
CUST00318,Nilima Tata,chavvikhurana@example.com,2026-04-15,REGULAR
CUST00319,Pallavi Purohit,senvarenya@example.net,2025-03-10,PREMIUM
CUST00320,Balhaar Parsa,choprayuvraj@example.net,2026-04-24,REGULAR
CUST00321,Ojas Basu,ynarula@example.com,2023-12-08,PREMIUM
CUST00322,Guneet Kuruvilla,yashvivenkataraman@example.net,2025-12-14,PREMIUM
CUST00323,Sanaya Prasad,invalid_email.com,2025-12-27,PREMIUM
CUST00324,Hemani Bakshi,scheema@example.com,2023-11-07,PREMIUM
CUST00325,Lucky Pall,hemal73@example.net,2025-07-16,PREMIUM
CUST00326,Vamakshi Chatterjee,usethi@example.org,2024-10-05,VIP
CUST00327,Ishwar Bajaj,ikbal23@example.net,2024-03-24,VIP
CUST00328,Ganga Sandhu,zkata@example.com,2026-03-01,VIP
CUST00329,Quincy Sankaran,vbalakrishnan@example.net,2024-04-28,VIP
CUST00330,Pushti Ramachandran,kalasamesh@example.com,2026-06-24,VIP
CUST00331,Harsh Yadav,jasmitnanda@example.org,2025-06-06,PREMIUM
CUST00332,Adweta Suri,lipika96@example.net,2023-12-21,REGULAR
CUST00333,Indira Shankar,chamelichad@example.net,2024-01-21,REGULAR
CUST00334,Jacob Khare,jackson25@example.net,2024-02-01,PREMIUM
CUST00335,Omya Devi,lsampath@example.com,2026-03-10,REGULAR
CUST00336,Ojas Suri,logan25@example.com,2026-02-13,REGULAR
CUST00337,Jagrati Andra,mdeshpande@example.com,2025-11-15,VIP
CUST00338,Nilima Swamy,fsawhney@example.org,2023-11-02,VIP
CUST00339,Thomas Master,maharajumang@example.net,2024-09-17,VIP
CUST00340,Tanvi Tandon,comaramrita@example.net,2025-01-16,REGULAR
CUST00341,Ridhi Kamdar,vchaudry@example.net,2024-07-15,VIP
CUST00342,Bachittar Sengupta,ijaya17@example.org,2024-06-29,PREMIUM
CUST00343,Indali Sangha,liamjhaveri@example.org,2023-09-27,REGULAR
CUST00344,Avni Yohannan,ekiyamaster@example.com,2025-12-02,REGULAR
CUST00345,Yoshita Chandran,nishabhargava@example.com,2026-04-10,VIP
CUST00346,Kevin Krish,ekantakota@example.net,2025-02-26,PREMIUM
CUST00347,Lucky Luthra,cprashad@example.org,2026-03-07,VIP
CUST00348,Neha Varma,jyoti77@example.com,2025-12-17,VIP
CUST00349,Girik Shanker,dev86@example.org,2025-04-24,REGULAR
CUST00350,Warda Loyal,bhanumati58@example.net,2024-01-15,REGULAR
CUST00351,Hemal Bava,chaudharytripti@example.org,2024-01-05,VIP
CUST00352,Ridhi Shan,sanghasamaksh@example.net,2024-01-17,REGULAR
CUST00353,Nathan Mahal,patelzashil@example.org,2025-01-24,REGULAR
CUST00354,Charles Randhawa,vivaan61@example.net,2023-11-21,REGULAR
CUST00355,Tanay Sood,deoupkaar@example.net,2026-05-18,VIP
CUST00356,Aditya Anand,jai62@example.com,2023-10-15,REGULAR
CUST00357,Leela Chakraborty,chauhandhriti@example.com,2024-10-03,VIP
CUST00358,Lavanya Deol,ekapadwali@example.net,2023-07-10,REGULAR
CUST00359,Ria Panchal,maxsabharwal@example.net,2026-05-28,PREMIUM
CUST00360,Teerth Chadha,deyjatin@example.net,2025-02-12,REGULAR
CUST00361,Pushti Murty,yugmalhotra@example.net,2023-11-04,VIP
CUST00362,Bhavani Bala,samesh89@example.net,2024-04-15,REGULAR
CUST00363,Chakrika Bhagat,wardaraju@example.org,2024-07-05,VIP
CUST00364,Ekavir Wable,pateledhitha@example.org,2025-02-16,VIP
CUST00365,Jasmit Gera,bbora@example.net,2023-10-09,REGULAR
CUST00366,Adweta Kale,bhasinmitali@example.net,2024-09-14,VIP
CUST00367,Pallavi Ratti,yadavmichael@example.com,2023-11-03,REGULAR
CUST00368,Farhan Vaidya,nachiketyadav@example.com,2025-02-22,PREMIUM
CUST00369,Dayita Sarkar,dalbirkonda@example.org,2025-05-01,VIP
CUST00370,Sudiksha Bhakta,parth10@example.net,2024-01-26,VIP
CUST00371,Nihal Taneja,zansi42@example.com,2024-01-10,VIP
CUST00372,Jacob Balan,pushti48@example.org,2024-08-08,VIP
CUST00373,Watika Shah,christopher79@example.org,2025-01-18,PREMIUM
CUST00374,Aadhya Chauhan,kariyashodhara@example.org,2023-09-03,PREMIUM
CUST00375,Yash Batra,ypatla@example.org,2024-03-31,REGULAR
CUST00376,Oni Kapur,yuvraj65@example.com,2023-10-25,VIP
CUST00377,Jagdish Thakkar,golaudant@example.net,2023-09-06,VIP
CUST00378,Ekapad Shroff,deepa51@example.net,2025-06-05,PREMIUM
CUST00379,Jyoti Iyer,daksha93@example.com,2025-01-19,REGULAR
CUST00380,Rohan Korpal,abeerrout@example.org,2024-06-22,PREMIUM
CUST00381,Aditya Nayak,puridamyanti@example.org,2024-05-10,PREMIUM
CUST00382,Oni Swamy,dharati@example.org,2023-09-03,REGULAR
CUST00383,Zinal Sachar,tara19@example.org,2025-08-20,VIP
CUST00384,Meera Borde,sarankalpit@example.org,2024-09-22,VIP
CUST00385,Divya Ramaswamy,eesha74@example.org,2023-10-21,PREMIUM
CUST00386,Laban Chopra,hiteshgala@example.com,2025-06-19,PREMIUM
CUST00387,Niharika Dara,sarthak74@example.com,2024-08-11,PREMIUM
CUST00388,Gautam Dugar,banjeet35@example.org,2023-11-15,REGULAR
CUST00389,Ishani Randhawa,mistryabha@example.org,2023-08-14,REGULAR
CUST00390,Sneha Krish,shereharsh@example.org,2024-01-01,PREMIUM
CUST00391,David Kapadia,rudrarattan@example.com,2026-05-28,VIP
CUST00392,Aashi Borde,bhattacharyyarudra@example.net,2025-05-15,VIP
CUST00393,George Narula,basaktriya@example.org,2024-03-13,REGULAR
CUST00394,Megha Taneja,rajapooja@example.org,2024-12-27,REGULAR
CUST00395,Rachit Maharaj,sanaya20@example.net,2026-02-12,VIP
CUST00396,Chakrika Tara,dsrinivas@example.org,2024-09-03,REGULAR
CUST00397,Laksh Saini,zaidbahl@example.com,2025-01-04,VIP
CUST00398,Vedhika Padmanabhan,lipika42@example.org,2024-11-03,PREMIUM
CUST00399,Ayushman Mand,sodhiishita@example.net,2024-06-22,REGULAR
CUST00400,Harish Kota,amairawalla@example.net,2023-09-21,PREMIUM
CUST00401,Lipika Pant,patrickkhalsa@example.net,2024-11-02,REGULAR
CUST00402,Ayaan Pandey,raghavtailor@example.net,2024-10-19,REGULAR
CUST00403,Vritti Barad,bhallaviraj@example.net,2024-05-31,PREMIUM
CUST00404,Vanya Acharya,saksham25@example.net,2024-03-28,PREMIUM
CUST00405,Daniel Bains,luckychoudhry@example.net,2025-01-13,REGULAR
CUST00406,Kashvi Randhawa,nayarchasmum@example.com,2024-01-24,PREMIUM
CUST00407,Rajeshri Sur,owen89@example.com,2024-06-07,VIP
CUST00408,Kritika Mohanty,joshua20@example.net,2025-12-02,VIP
CUST00409,Bachittar Gopal,timothy91@example.com,2024-01-31,PREMIUM
CUST00410,Faras Khanna,ekaja21@example.net,2026-05-02,VIP
CUST00411,Sanya Apte,shaurya31@example.com,2024-07-29,VIP
CUST00412,Aarav Bava,usarma@example.com,2024-03-11,VIP
CUST00413,Waida Radhakrishnan,keya17@example.net,2026-04-03,REGULAR
CUST00414,Nicholas Seth,bandichaitaly@example.org,2024-11-03,VIP
CUST00415,Henry Borah,onkar62@example.net,2023-10-21,VIP
CUST00416,Hamsini Subramanian,sankarnitesh@example.net,2025-05-01,PREMIUM
CUST00417,Chatresh Chaudhuri,samesh36@example.net,2025-11-03,VIP
CUST00418,Baghyawati Mishra,gopalbawa@example.com,2025-12-01,REGULAR
CUST00419,Mitesh Bhagat,aarush61@example.com,2026-04-20,REGULAR
CUST00420,Ryan Chatterjee,jhaverionkar@example.net,2024-09-22,PREMIUM
CUST00421,Urvashi D’Alia,mitali77@example.net,2024-08-11,REGULAR
CUST00422,Lila Goyal,lakshmi52@example.com,2023-09-04,REGULAR
CUST00423,Ria Shroff,upkaar49@example.org,2024-02-16,VIP
CUST00424,Frederick Padmanabhan,jkaran@example.org,2025-02-17,VIP
CUST00425,Vaishnavi Keer,fmistry@example.com,2023-08-19,REGULAR
CUST00426,Jai Sen,oliverkakar@example.org,2024-01-09,PREMIUM
CUST00427,Pallavi Brar,ojaggi@example.org,2026-01-06,PREMIUM
CUST00428,Ekaja Bhavsar,ramamekhala@example.net,2024-11-14,VIP
CUST00429,Zinal Shanker,virkoni@example.org,2025-03-31,REGULAR
CUST00430,Manbir Chaudhry,chaudhuribhavika@example.net,2024-12-12,VIP
CUST00431,Aishani Rajagopal,csolanki@example.org,2024-08-27,PREMIUM
CUST00432,Maanas Ratti,randhawagarima@example.net,2024-06-30,REGULAR
CUST00433,Vaishnavi Luthra,anmol54@example.com,2024-09-04,VIP
CUST00434,Guneet Kari,charitasavant@example.com,2024-08-18,VIP
CUST00435,Gaurav Guha,akakar@example.net,2025-07-18,PREMIUM
CUST00436,Daksh Varma,dominicmukhopadhyay@example.net,2025-08-22,VIP
CUST00437,Krishna Viswanathan,ghosereyansh@example.org,2023-09-24,PREMIUM
CUST00438,Bachittar Shan,patelrushil@example.com,2025-01-19,PREMIUM
CUST00439,Yashasvi Ranganathan,balasubramanianwyatt@example.com,2025-07-25,REGULAR
CUST00440,Peter Som,hemangini24@example.net,2026-06-01,REGULAR
CUST00441,Bhavani Bala,kbawa@example.net,2024-05-24,VIP
CUST00442,Umang Jhaveri,nimrat80@example.net,2023-07-10,PREMIUM
CUST00443,Kevin Ghose,kapurzayyan@example.net,2024-10-13,PREMIUM
CUST00444,Pallavi Puri,tripti43@example.com,2024-10-08,REGULAR
CUST00445,Harsh Amble,barkha41@example.com,2023-10-04,REGULAR
CUST00446,Aradhana Nair,advika43@example.org,2025-09-07,PREMIUM
CUST00447,Dakshesh Raval,logan07@example.com,2024-08-03,REGULAR
CUST00448,Nidhi Rama,guptahemal@example.net,2024-06-06,VIP
CUST00449,Jagrati Tripathi,onkar82@example.com,2023-11-25,PREMIUM
CUST00450,Kabir Kuruvilla,gautamichakraborty@example.org,2024-12-29,REGULAR
CUST00451,Damyanti Salvi,kamya49@example.com,2025-06-16,VIP
CUST00452,Upma Bera,sodhirobert@example.net,2023-12-30,PREMIUM
CUST00453,Chanchal Sachdev,doralaksh@example.org,2024-12-10,VIP
CUST00454,Tanvi Dhar,pranit17@example.com,2026-03-03,VIP
CUST00455,Dhriti Bhardwaj,sethanusha@example.org,2024-03-14,PREMIUM
CUST00456,Vrishti Chakrabarti,radhasanghvi@example.com,2025-04-23,VIP
CUST00457,Leela Agrawal,wallaryan@example.net,2025-01-26,REGULAR
CUST00458,Ekanta Wali,andrewagrawal@example.net,2024-07-17,REGULAR
CUST00459,Hemangini Muni,harshilrajagopal@example.net,2025-12-27,REGULAR
CUST00460,Oliver Bhattacharyya,misrabina@example.com,2025-09-12,VIP
CUST00461,Radha Desai,vrishti53@example.org,2025-03-14,REGULAR
CUST00462,Vedant Kapur,siddharthbains@example.net,2025-08-18,VIP
CUST00463,Jatin Peri,prashadaadhya@example.net,2026-02-19,REGULAR
CUST00464,Chanakya Chokshi,bavajack@example.com,2025-05-17,PREMIUM
CUST00465,Jatin Krishnan,ndua@example.net,2026-05-27,VIP
CUST00466,Charvi Salvi,venkateshanamika@example.net,2026-01-22,VIP
CUST00467,Omya Cheema,mandalishaan@example.org,2025-08-08,REGULAR
CUST00468,Ryan Lall,ishitarout@example.com,2024-03-02,PREMIUM
CUST00469,Watika Johal,pnarayanan@example.org,2023-07-16,REGULAR
CUST00470,Indrajit Tak,gautamvaidya@example.org,2023-12-01,REGULAR
CUST00471,Vihaan Shan,aishani70@example.org,2024-03-24,PREMIUM
CUST00472,Bina Parsa,pooja11@example.org,2023-07-12,PREMIUM
CUST00473,Onkar Narasimhan,raksha94@example.net,2023-11-18,REGULAR
CUST00474,Hema Goswami,rattanmugdha@example.com,2024-08-22,PREMIUM
CUST00475,Vanya Sama,isaiahdeo@example.net,2023-09-26,REGULAR
CUST00476,Hemang Saha,lsarma@example.net,2025-02-05,VIP
CUST00477,Ayush De,hsura@example.com,2025-05-11,REGULAR
CUST00478,Dev Lal,advik89@example.net,2025-11-20,VIP
CUST00479,Hamsini Venkataraman,santyuvraj@example.com,2024-12-15,REGULAR
CUST00480,Manthan Bhagat,dugaryashasvi@example.com,2025-08-05,PREMIUM
CUST00481,Falan Swamy,wridesh54@example.org,2025-08-22,VIP
CUST00482,Kritika Rau,farhansharaf@example.com,2025-12-03,PREMIUM
CUST00483,Gaurang Tara,hmutti@example.com,2026-04-06,VIP
CUST00484,Harshil Raval,jbanik@example.net,2023-06-27,VIP
CUST00485,Daksha Trivedi,tanmayiom@example.com,2023-09-19,REGULAR
CUST00486,Suhani Narula,tpatla@example.com,2023-12-21,REGULAR
CUST00487,Tristan Agate,isha48@example.net,2025-01-27,REGULAR
CUST00488,Chakradev Gala,tdey@example.net,2025-03-23,REGULAR
CUST00489,Aachal Hayre,jairamaswamy@example.org,2025-06-05,PREMIUM
CUST00490,Hamsini Chokshi,obatra@example.net,2025-12-27,REGULAR
CUST00491,Shravya Shankar,wishiagrawal@example.net,2023-09-10,REGULAR
CUST00492,Vasudha Trivedi,oscardave@example.org,2025-02-17,VIP
CUST00493,Yamini Rajagopalan,rkothari@example.com,2024-12-10,PREMIUM
CUST00494,Sneha Deol,nitaravala@example.com,2026-06-20,PREMIUM
CUST00495,Teerth Iyer,binapai@example.net,2024-01-19,VIP
CUST00496,Yahvi Naidu,pandeyvarsha@example.net,2025-11-29,VIP
CUST00497,Bhavika Sami,virkhredhaan@example.org,2025-02-07,REGULAR
CUST00498,Chatresh Bhalla,amaradyal@example.com,2026-05-23,PREMIUM
CUST00499,Madhav Bhatia,samar80@example.com,2025-05-30,REGULAR
CUST00500,Udarsh Ramachandran,yastimani@example.net,2026-04-24,VIP
CUST00501,Lakshmi Ram,jmunshi@example.org,2023-07-17,REGULAR
CUST00502,Samaksh Savant,jhalakhegde@example.net,2024-04-22,PREMIUM
CUST00503,Saumya Goel,groveroscar@example.net,2025-09-02,REGULAR
CUST00504,Krishna Baria,jmallick@example.com,2024-01-15,PREMIUM
CUST00505,Aadhya Ahluwalia,unnati20@example.org,2024-11-09,REGULAR
CUST00506,Charvi Swaminathan,elijah58@example.org,2024-04-07,REGULAR
CUST00507,Yashasvi Dutta,zyadav@example.org,2024-12-20,PREMIUM
CUST00508,Tanay Narula,jalsa43@example.net,2025-09-28,PREMIUM
CUST00509,Aditya Contractor,sanaya39@example.net,2024-07-09,PREMIUM
CUST00510,Ekani Raj,rajuaahana@example.net,2024-09-08,REGULAR
CUST00511,Zansi Prasad,csur@example.com,2026-04-04,REGULAR
CUST00512,Ekani Varkey,charoliver@example.net,2025-10-02,REGULAR
CUST00513,Dominic Kade,paninichawla@example.org,2025-10-09,VIP
CUST00514,Ekbal Dube,sharafgarima@example.org,2023-11-09,REGULAR
CUST00515,Chatura Gokhale,ekavir93@example.com,2025-03-21,PREMIUM
CUST00516,Shravya Ravel,bmutti@example.com,2026-05-07,PREMIUM
CUST00517,Abeer Bhatnagar,boraishita@example.net,2023-12-08,PREMIUM
CUST00518,Charvi Chadha,raksha66@example.net,2023-08-13,REGULAR
CUST00519,Naksh Walla,labanraman@example.net,2024-09-27,PREMIUM
CUST00520,Chanchal Prakash,dhaliwaljatin@example.org,2023-07-04,PREMIUM
CUST00521,Frederick Mody,hemanginikakar@example.com,2026-03-26,VIP
CUST00522,Naveen Gour,invalid_email.com,2024-04-03,VIP
CUST00523,Triya Bora,ekalinga41@example.org,2025-12-14,PREMIUM
CUST00524,Ganga Parikh,wahabchaudhry@example.com,2026-02-13,VIP
CUST00525,Rishi Nadkarni,vseshadri@example.net,2026-04-16,VIP
CUST00526,Michael Patla,priya20@example.com,2024-07-13,PREMIUM
CUST00527,Rajata Malhotra,krish57@example.com,2025-05-18,REGULAR
CUST00528,Dalaja Sur,gillfinn@example.com,2024-01-30,REGULAR
CUST00529,Adya Bose,bahlyashica@example.net,2023-08-14,PREMIUM
CUST00530,Simon Bansal,urmi25@example.com,2024-06-07,REGULAR
CUST00531,Krish Shetty,ranganathanjanuja@example.net,2023-07-13,VIP
CUST00532,Noah Varkey,sanayadutta@example.org,2025-11-22,PREMIUM
CUST00533,Veda Parmer,kandavinaya@example.org,2023-10-02,REGULAR
CUST00534,Kala Kaur,jhaverizarna@example.com,2025-02-18,REGULAR
CUST00535,Suhani Batra,naikharshil@example.net,2025-09-13,VIP
CUST00536,Adya Ghosh,xradhakrishnan@example.net,2026-04-06,PREMIUM
CUST00537,Zansi Krishnamurthy,hkapoor@example.com,2024-12-26,PREMIUM
CUST00538,Vidhi Subramaniam,thakerliam@example.com,2024-03-10,VIP
CUST00539,Faraj Varkey,siddharth22@example.org,2025-01-09,PREMIUM
CUST00540,Victor Sachdeva,ishaan77@example.com,2024-05-19,PREMIUM
CUST00541,Nirja Bains,calebdatta@example.net,2026-01-02,VIP
CUST00542,Krish Vala,dindaksh@example.org,2024-08-01,VIP
CUST00543,Zansi Ravi,manderfrederick@example.org,2025-05-24,REGULAR
CUST00544,Vasatika Garde,nirjadhar@example.net,2024-04-04,PREMIUM
CUST00545,Oliver Oommen,obiswas@example.com,2025-02-14,VIP
CUST00546,Ikbal Babu,yaminisaini@example.org,2026-01-22,REGULAR
CUST00547,Peter Soni,waliyahvi@example.org,2023-11-18,PREMIUM
CUST00548,Kalpit Zacharia,sankarosha@example.com,2023-09-02,REGULAR
CUST00549,Veer Subramaniam,lpalla@example.net,2026-06-13,VIP
CUST00550,Pavani Desai,vansha31@example.com,2026-01-11,PREMIUM
CUST00551,Aarini Gulati,amblejacob@example.net,2023-07-08,REGULAR
CUST00552,Samesh Mutti,gpathak@example.org,2025-04-18,VIP
CUST00553,Advika Wason,npau@example.com,2026-05-19,VIP
CUST00554,Samar Sachdev,xgola@example.net,2025-11-05,VIP
CUST00555,Zehaan Mohanty,mitali21@example.net,2024-06-17,VIP
CUST00556,Neel Chaudhry,yashodarattan@example.com,2025-10-29,VIP
CUST00557,Naveen Ramachandran,chandmaanav@example.com,2026-01-14,VIP
CUST00558,Gaurang Bhatt,tristan51@example.net,2023-08-24,VIP
CUST00559,Nandini Verma,dakshesh27@example.com,2023-07-13,REGULAR
CUST00560,Zarna Mangal,bahadurjituppal@example.net,2026-06-16,PREMIUM
CUST00561,Omkaar Banik,william02@example.org,2024-08-28,PREMIUM
CUST00562,Ira Rana,invalid_email.com,2026-06-24,REGULAR
CUST00563,Gautam Mane,idika43@example.net,2024-04-24,VIP
CUST00564,Netra Agrawal,parth68@example.org,2025-11-10,PREMIUM
CUST00565,Yahvi Menon,jackson84@example.net,2025-12-06,VIP
CUST00566,Saanvi Purohit,wkohli@example.com,2025-06-08,PREMIUM
CUST00567,Ayaan Subramaniam,kuruvillaekansh@example.com,2026-03-07,VIP
CUST00568,Victor Mutti,hpandit@example.net,2023-07-12,REGULAR
CUST00569,Yuvraj Mani,rastogihema@example.org,2025-11-04,VIP
CUST00570,Vamakshi Murthy,tejas94@example.org,2026-05-23,PREMIUM
CUST00571,Wishi Iyengar,wyattlanka@example.org,2024-06-17,VIP
CUST00572,Zaid Parekh,hredhaandar@example.org,2026-05-11,PREMIUM
CUST00573,Abeer Basak,nprabhu@example.com,2025-07-30,VIP
CUST00574,Vritti Goswami,mitali39@example.org,2023-09-19,PREMIUM
CUST00575,Vanya Zachariah,thakkaridika@example.com,2026-05-28,PREMIUM
CUST00576,Tanvi Dara,smutti@example.org,2023-07-15,PREMIUM
CUST00577,Ladli Chaudhuri,janaki94@example.org,2025-10-26,VIP
CUST00578,Warjas Luthra,xoza@example.org,2025-08-09,PREMIUM
CUST00579,Shivansh Saini,janya64@example.com,2024-04-01,VIP
CUST00580,Veer Chaudhry,warinder86@example.com,2024-04-26,REGULAR
CUST00581,Mason Solanki,godaoviya@example.com,2024-01-21,REGULAR
CUST00582,Vidhi Mital,champak61@example.net,2024-03-06,PREMIUM
CUST00583,Tanveer Kumar,cchar@example.net,2024-11-27,VIP
CUST00584,Jalsa Parsa,hemangini06@example.org,2024-12-23,PREMIUM
CUST00585,Owen Mane,ekta87@example.net,2025-05-21,VIP
CUST00586,Lakshmi Mangat,kdhillon@example.net,2024-12-02,VIP
CUST00587,Nidhi Bora,edwinhemal@example.org,2024-10-25,REGULAR
CUST00588,Bishakha Loke,cmadan@example.com,2025-12-24,VIP
CUST00589,Odika Ganesh,arindass@example.net,2024-06-25,VIP
CUST00590,Fariq Kade,mekhalachauhan@example.org,2023-10-04,PREMIUM
CUST00591,Chatura Bal,wviswanathan@example.org,2023-12-05,PREMIUM
CUST00592,Nachiket Chad,omore@example.org,2024-09-10,VIP
CUST00593,Jonathan Deep,ayushbanerjee@example.net,2025-01-01,REGULAR
CUST00594,Vamakshi Sibal,sai28@example.org,2025-12-30,PREMIUM
CUST00595,Radhika Viswanathan,idika78@example.org,2023-11-13,PREMIUM
CUST00596,Darika Pau,jlad@example.com,2023-07-13,REGULAR
CUST00597,Laban Padmanabhan,upasna80@example.net,2025-07-30,PREMIUM
CUST00598,Chandani Andra,mmaster@example.org,2023-07-08,VIP
CUST00599,Ranbir Sabharwal,prana@example.org,2026-03-26,VIP
CUST00600,Kritika Kannan,fariq63@example.net,2026-02-03,VIP
CUST00601,Bhavani Wali,nitara31@example.org,2024-01-25,PREMIUM
CUST00602,Indrajit Shah,smagar@example.net,2025-07-30,PREMIUM
CUST00603,Ekani Bahl,chandranwarrior@example.org,2024-04-10,PREMIUM
CUST00604,Baghyawati Luthra,rakshaanand@example.org,2023-11-14,PREMIUM
CUST00605,Alexander Tak,hemasalvi@example.com,2025-08-09,VIP
CUST00606,Ubika Balay,faris20@example.com,2025-02-25,REGULAR
CUST00607,Upma Golla,zashilraj@example.org,2024-01-02,VIP
CUST00608,Lekha Savant,bahadurjitissac@example.com,2023-11-19,PREMIUM
CUST00609,Urvashi Ramachandran,ekantika20@example.net,2025-10-27,VIP
CUST00610,Zehaan Srivastava,rushil50@example.net,2024-05-30,REGULAR
CUST00611,Warinder Saraf,alexander24@example.net,2023-12-29,VIP
CUST00612,Xavier Andra,somanmohammed@example.com,2023-11-13,REGULAR
CUST00613,Nakul Tata,nigamdarpan@example.org,2024-12-30,PREMIUM
CUST00614,Hredhaan Dass,ukaul@example.net,2026-03-24,VIP
CUST00615,Reva Hans,purohitishita@example.net,2024-01-22,VIP
CUST00616,Balveer Sundaram,imenon@example.net,2025-07-27,VIP
CUST00617,Rachit Pall,upadhriti49@example.net,2024-03-02,VIP
CUST00618,Mohammed Sengupta,adya85@example.com,2023-06-28,PREMIUM
CUST00619,Qasim Bahl,william51@example.net,2025-10-11,REGULAR
CUST00620,Ranveer Viswanathan,ndube@example.com,2024-11-09,REGULAR
CUST00621,Ekanta Choudhry,virkekalinga@example.org,2024-01-14,VIP
CUST00622,Azad Jaggi,sunderrehaan@example.org,2023-08-15,PREMIUM
CUST00623,Vrishti Vora,chandran53@example.net,2023-10-15,REGULAR
CUST00624,Sathvik Swamy,sidhudarsh@example.com,2025-11-09,REGULAR
CUST00625,Jyoti Bhardwaj,banjeet14@example.org,2024-05-27,REGULAR
CUST00626,Harrison Kashyap,invalid_email.com,2026-04-12,REGULAR
CUST00627,Praneel Sagar,parmartara@example.net,2026-04-25,REGULAR
CUST00628,Hemang Ganesan,neelimathaman@example.com,2026-04-13,REGULAR
CUST00629,Saanvi Pandey,ekta56@example.net,2025-04-25,PREMIUM
CUST00630,Wridesh Kala,xkumar@example.com,2025-05-22,VIP
CUST00631,Aadi Banerjee,amol82@example.com,2023-07-07,REGULAR
CUST00632,Tristan Kala,anthony48@example.net,2025-11-07,PREMIUM
CUST00633,Girindra Barad,jparekh@example.org,2024-08-11,PREMIUM
CUST00634,Zaid Kaul,charita19@example.com,2025-11-27,VIP
CUST00635,Faras Nair,fghose@example.net,2026-06-22,VIP
CUST00636,Charita Barad,xbrar@example.org,2024-11-27,REGULAR
CUST00637,Radha Saha,karanadvay@example.net,2026-03-05,VIP
CUST00638,Chatura Mody,nagarmason@example.com,2025-08-15,VIP
CUST00639,Michael Bedi,wsehgal@example.net,2025-12-06,PREMIUM
CUST00640,Tristan Sankaran,meera22@example.com,2023-11-02,PREMIUM
CUST00641,Chandran Rastogi,frederick68@example.com,2026-06-15,PREMIUM
CUST00642,Krishna Srivastava,vinayarana@example.net,2025-11-30,REGULAR
CUST00643,Yatin Kibe,lataqushi@example.com,2026-05-25,REGULAR
CUST00644,Isaiah Sachdev,wpau@example.org,2024-11-06,VIP
CUST00645,Arjun Mody,inayasathe@example.net,2024-02-08,VIP
CUST00646,Chaitanya Kaur,kashvidugal@example.net,2023-11-07,REGULAR
CUST00647,Chatura Kibe,bhavnaatwal@example.com,2026-06-08,REGULAR
CUST00648,Dalaja Sengupta,vbajaj@example.org,2025-10-09,PREMIUM
CUST00649,Samar Virk,vasudha92@example.net,2026-06-16,REGULAR
CUST00650,Krisha Vyas,kumeronkar@example.org,2024-09-10,REGULAR
CUST00651,Anika Bera,eanand@example.com,2026-04-17,VIP
CUST00652,Jagvi Chokshi,masterlibni@example.org,2025-02-07,VIP
CUST00653,Diya Sundaram,grewalrushil@example.net,2025-06-07,PREMIUM
CUST00654,Balveer Kota,gauri76@example.net,2024-02-25,REGULAR
CUST00655,Idika Pandey,chasmum38@example.com,2023-10-01,VIP
CUST00656,Lila Balan,umang25@example.com,2026-04-12,REGULAR
CUST00657,Gagan Raja,omishakhosla@example.net,2024-02-19,REGULAR
CUST00658,Devika Narayan,ndeep@example.net,2024-01-28,PREMIUM
CUST00659,Lakshit More,qushidhillon@example.net,2025-11-20,REGULAR
CUST00660,Eesha Bir,goureesha@example.org,2023-08-11,PREMIUM
CUST00661,Odika Sabharwal,saanvi42@example.org,2023-12-09,VIP
CUST00662,Qasim Bal,invalid_email.com,2026-05-29,VIP
CUST00663,Jagrati Buch,gdesai@example.net,2025-06-24,VIP
CUST00664,Qarin Ram,isom@example.org,2024-04-22,VIP
CUST00665,Bachittar Rege,madannitara@example.org,2026-05-04,PREMIUM
CUST00666,Samarth Bhatti,revasuri@example.net,2024-11-12,PREMIUM
CUST00667,Yatin Sane,mbarman@example.net,2025-02-06,VIP
CUST00668,Meera Yadav,vermaikbal@example.com,2025-06-05,VIP
CUST00669,Yatan Venkataraman,jbaral@example.com,2025-09-05,VIP
CUST00670,Ranveer Manne,trao@example.com,2025-06-12,PREMIUM
CUST00671,Pahal Menon,varugheselucky@example.com,2026-03-26,VIP
CUST00672,Gautam Tella,golekrishna@example.com,2025-03-30,PREMIUM
CUST00673,Shravya Bakshi,sudikshajaggi@example.com,2023-11-14,REGULAR
CUST00674,Ekiya Gade,chandishaan@example.net,2025-05-25,VIP
CUST00675,Frederick Viswanathan,nvaidya@example.org,2025-02-04,PREMIUM
CUST00676,Caleb Garde,mason22@example.org,2023-09-14,PREMIUM
CUST00677,Darika More,omani@example.org,2023-12-26,PREMIUM
CUST00678,Samaksh Aggarwal,advik77@example.com,2025-10-18,REGULAR
CUST00679,Wakeeta Khanna,vamakshisetty@example.com,2025-05-13,VIP
CUST00680,Abeer Konda,sarthak02@example.org,2023-09-20,PREMIUM
CUST00681,Balhaar Dhillon,misragarima@example.org,2023-09-11,VIP
CUST00682,Omaja Gokhale,bhavanigoel@example.com,2025-12-12,PREMIUM
CUST00683,Balendra Chander,ekantika56@example.org,2025-04-20,VIP
CUST00684,Brinda Sinha,jairajmaharaj@example.com,2025-09-22,REGULAR
CUST00685,Shaurya Kadakia,chopragagan@example.com,2026-05-31,PREMIUM
CUST00686,Prisha Nadig,irya29@example.net,2025-08-06,PREMIUM
CUST00687,Waida Gole,binahari@example.org,2023-12-27,REGULAR
CUST00688,Udyati Dalal,oeshisachdev@example.org,2024-11-26,VIP
CUST00689,Simon Apte,baghyawatikumar@example.org,2024-10-17,PREMIUM
CUST00690,Yashawini Naik,comargauri@example.com,2025-03-03,REGULAR
CUST00691,Parth Hari,hamsini77@example.org,2026-03-25,PREMIUM
CUST00692,Vasatika Dugal,vyadav@example.com,2025-03-31,PREMIUM
CUST00693,Chandani Mutti,joshigarima@example.com,2023-10-07,PREMIUM
CUST00694,Avni Balasubramanian,keya82@example.net,2026-01-22,VIP
CUST00695,Rachit Dada,divya04@example.com,2023-11-08,REGULAR
CUST00696,Wazir Prabhu,nmittal@example.net,2024-10-08,REGULAR
CUST00697,Isaac Prasad,jaggigeorge@example.com,2025-08-21,REGULAR
CUST00698,Vasudha Tella,ranveeroak@example.com,2025-09-17,REGULAR
CUST00699,Falak Dhar,vartykevin@example.org,2023-08-22,PREMIUM
CUST00700,Lila Vig,agrawaldeepa@example.org,2026-05-29,VIP
CUST00701,Gauri Sibal,chauhandevika@example.org,2025-12-10,REGULAR
CUST00702,Shaurya Nagi,reyanshmangat@example.com,2025-09-30,VIP
CUST00703,Ridhi Dalal,manthan24@example.org,2023-07-20,REGULAR
CUST00704,Samuel Palla,anika24@example.net,2024-07-11,REGULAR
CUST00705,Ekavir Mukhopadhyay,sachi02@example.org,2025-06-27,PREMIUM
CUST00706,Hitesh Rajagopal,chadhapooja@example.com,2024-03-31,PREMIUM
CUST00707,Ishani Muni,rudra81@example.com,2025-11-25,PREMIUM
CUST00708,Girik Sidhu,shahdayita@example.net,2026-03-24,VIP
CUST00709,Upma Kata,maanaskuruvilla@example.com,2025-02-25,PREMIUM
CUST00710,Ganga Nair,bsura@example.org,2025-07-04,PREMIUM
CUST00711,Indali Srinivas,sgarde@example.com,2026-01-20,REGULAR
CUST00712,Yashoda Chauhan,uchhabra@example.net,2026-03-31,REGULAR
CUST00713,Chasmum Walia,lrattan@example.com,2024-07-01,PREMIUM
CUST00714,Nathan Subramaniam,vbhatti@example.org,2026-06-09,PREMIUM
CUST00715,Radhika Oommen,oscarbrahmbhatt@example.net,2025-12-04,VIP
CUST00716,Ishwar Sheth,gunbir72@example.com,2025-03-18,VIP
CUST00717,Ikbal Raghavan,warda01@example.org,2024-01-28,REGULAR
CUST00718,Manan Dixit,swali@example.com,2026-02-07,VIP
CUST00719,Rohan Jha,chandani94@example.com,2024-12-12,PREMIUM
CUST00720,Abhiram Uppal,sdatta@example.org,2025-01-20,PREMIUM
CUST00721,Aadi Parmer,mandaazaan@example.org,2025-04-27,REGULAR
CUST00722,Eesha Raja,braj@example.net,2024-05-20,PREMIUM
CUST00723,Vaishnavi Dewan,leenaparsa@example.com,2024-02-21,PREMIUM
CUST00724,Jeremiah Desai,boraamol@example.org,2025-07-22,PREMIUM
CUST00725,Laban Chad,ojasvishah@example.net,2026-01-20,PREMIUM
CUST00726,Pranit Sha,ysengupta@example.com,2024-06-11,VIP
CUST00727,Panini Amble,tkhalsa@example.net,2024-08-18,VIP
CUST00728,Jeevika Bandi,subramanianjyoti@example.org,2025-12-14,VIP
CUST00729,Fariq Dhar,udyati81@example.net,2026-01-29,VIP
CUST00730,Yatan Sodhi,zachariadevika@example.net,2023-09-16,VIP
CUST00731,Advay Singh,evala@example.net,2024-11-22,REGULAR
CUST00732,Ira Menon,oliver09@example.net,2024-10-11,PREMIUM
CUST00733,Darsh Solanki,charanmanne@example.net,2026-02-20,REGULAR
CUST00734,Bhavini Sundaram,dateyashasvi@example.org,2024-08-31,PREMIUM
CUST00735,Kevin Mand,aarini01@example.net,2024-03-24,PREMIUM
CUST00736,Sanya Pingle,advikakeer@example.com,2024-04-02,PREMIUM
CUST00737,Hemal Chad,miteshtandon@example.com,2025-02-11,REGULAR
CUST00738,Ria Ganesh,hemanibhagat@example.net,2024-08-10,PREMIUM
CUST00739,Charles Ganesh,erastogi@example.com,2025-07-05,PREMIUM
CUST00740,Ladli Ramakrishnan,jlala@example.net,2025-05-02,VIP
CUST00741,Bhavya Sen,hmutti@example.net,2023-08-29,VIP
CUST00742,Irya Sankaran,gautami44@example.org,2024-07-27,PREMIUM
CUST00743,Triya Khurana,zinalnazareth@example.net,2026-06-03,VIP
CUST00744,Dhriti Anne,biradvik@example.com,2023-11-25,REGULAR
CUST00745,Sanaya Panchal,bhanumatikrishnamurthy@example.org,2023-08-18,PREMIUM
CUST00746,George Bhandari,jairajdar@example.org,2026-01-21,REGULAR
CUST00747,Keya Goyal,gourzehaan@example.com,2025-06-21,VIP
CUST00748,Sudiksha Malhotra,qnaik@example.org,2023-10-19,VIP
CUST00749,David Raja,dnatarajan@example.com,2024-08-11,REGULAR
CUST00750,Ridhi Boase,niyer@example.com,2024-03-30,PREMIUM
CUST00751,Ikbal Dhawan,nkamdar@example.net,2023-12-09,VIP
CUST00752,Aashi Chauhan,boraekavir@example.net,2024-07-20,VIP
CUST00753,Anirudh Tank,aadibarad@example.net,2025-02-22,VIP
CUST00754,Max Narayan,gaggarwal@example.net,2025-07-28,REGULAR
CUST00755,Rajata Raval,zachariahupkaar@example.org,2025-02-13,REGULAR
CUST00756,Jairaj Wason,gauri46@example.org,2026-03-05,VIP
CUST00757,Jasmit Warrior,faris74@example.net,2024-05-07,PREMIUM
CUST00758,Balveer Rajagopalan,chandaniramakrishnan@example.org,2026-03-02,REGULAR
CUST00759,Vidhi Chad,igupta@example.org,2024-04-21,PREMIUM
CUST00760,William Suresh,ybhatnagar@example.net,2026-03-22,REGULAR
CUST00761,Xalak Walla,cbabu@example.com,2023-09-22,REGULAR
CUST00762,Brijesh Ravi,kakartara@example.net,2025-10-07,PREMIUM
CUST00763,Viraj Bora,dhaliwalvrinda@example.net,2023-07-26,PREMIUM
CUST00764,Chakradev Kibe,akshaygera@example.net,2023-09-12,PREMIUM
CUST00765,Gunbir Shan,devanshcherian@example.org,2025-08-07,REGULAR
CUST00766,Dev Jain,znazareth@example.net,2026-05-15,PREMIUM
CUST00767,Ekta Dara,ekantakala@example.org,2026-01-03,PREMIUM
CUST00768,Gautami Bhatnagar,mahallohit@example.com,2024-03-14,PREMIUM
CUST00769,Nitesh Sarna,banjeetdeol@example.org,2026-03-05,PREMIUM
CUST00770,Nakul Babu,abuch@example.org,2024-03-31,PREMIUM
CUST00771,Bhanumati Saha,ndate@example.org,2026-03-16,PREMIUM
CUST00772,Shravya Sabharwal,owenbarad@example.net,2024-04-01,PREMIUM
CUST00773,Gaurang Mitra,omya08@example.org,2024-04-20,REGULAR
CUST00774,Girish Pathak,ucchaljoshi@example.com,2023-09-17,PREMIUM
CUST00775,Isaiah Dixit,ltank@example.org,2026-05-03,REGULAR
CUST00776,Chatura Patla,shaurya64@example.com,2026-02-09,VIP
CUST00777,Caleb Chawla,yogipatrick@example.org,2023-08-11,VIP
CUST00778,Yutika D’Alia,keersai@example.net,2025-12-13,REGULAR
CUST00779,Oni Issac,victor15@example.org,2023-11-26,PREMIUM
CUST00780,Nitara Iyengar,invalid_email.com,2025-12-21,REGULAR
CUST00781,Chatura Sarin,taraksha@example.org,2025-02-17,VIP
CUST00782,Laban Shankar,jagratimadan@example.org,2024-11-29,REGULAR
CUST00783,Azad Bhasin,laban17@example.com,2025-04-06,VIP
CUST00784,Hemal Kannan,naksh92@example.net,2025-11-01,REGULAR
CUST00785,Gabriel Sabharwal,lkalita@example.com,2025-06-14,REGULAR
CUST00786,Akshay Sangha,yugnarang@example.com,2025-12-13,REGULAR
CUST00787,Manthan Ahluwalia,cbasu@example.com,2025-08-18,REGULAR
CUST00788,Pavani Wali,zsrinivas@example.net,2023-11-26,REGULAR
CUST00789,Warhi Khosla,aroraniharika@example.org,2024-01-19,VIP
CUST00790,Chakrika Khare,babuvarsha@example.net,2024-10-12,REGULAR
CUST00791,Tripti Bajwa,xsheth@example.org,2026-06-23,REGULAR
CUST00792,Qasim Prabhakar,invalid_email.com,2025-02-13,REGULAR
CUST00793,Bachittar Minhas,smadan@example.net,2025-10-16,PREMIUM
CUST00794,Faris Nayak,invalid_email.com,2023-12-16,VIP
CUST00795,Jasmit Shroff,paujeevika@example.org,2026-03-29,REGULAR
CUST00796,Samarth Devi,william81@example.net,2025-07-09,VIP
CUST00797,Umang Nagi,amara86@example.com,2023-09-19,REGULAR
CUST00798,Kashish Pai,gsunder@example.net,2024-01-03,PREMIUM
CUST00799,Brinda Seth,dominic37@example.org,2023-10-29,VIP
CUST00800,Praneel Mani,chopranitesh@example.com,2023-12-18,PREMIUM
CUST00801,Watika Dora,arinmemon@example.com,2026-05-22,PREMIUM
CUST00802,Urvi Palan,vsawhney@example.net,2023-07-30,REGULAR
CUST00803,Ranbir Bhatnagar,katazinal@example.net,2024-11-29,VIP
CUST00804,Hemal Narain,jwagle@example.com,2025-06-07,VIP
CUST00805,Kevin Mohan,abhakaran@example.com,2025-01-24,VIP
CUST00806,Champak Divan,bhavani72@example.net,2024-03-02,VIP
CUST00807,Qabil Gill,neelkhanna@example.org,2023-08-29,REGULAR
CUST00808,Jonathan Sastry,kala23@example.net,2023-08-19,REGULAR
CUST00809,Hemangini Divan,saumya82@example.net,2024-10-07,PREMIUM
CUST00810,Aryan Ravel,ddhillon@example.com,2024-02-24,REGULAR
CUST00811,Yashica Narula,urvi49@example.net,2024-02-10,VIP
CUST00812,Hamsini Chowdhury,ibaria@example.net,2025-10-29,REGULAR
CUST00813,Darika Bakshi,ckannan@example.com,2023-11-17,PREMIUM
CUST00814,Christopher Hayer,invalid_email.com,2023-11-03,VIP
CUST00815,Gagan Vala,fhayer@example.com,2026-01-18,VIP
CUST00816,Jalsa Rao,prishapingle@example.com,2025-01-26,PREMIUM
CUST00817,Bhavani Pai,darika78@example.org,2024-05-27,PREMIUM
CUST00818,Ojasvi Savant,nihal66@example.org,2025-12-25,VIP
CUST00819,Maanas Johal,vaishnavi85@example.org,2025-12-30,REGULAR
CUST00820,Gaurang Ahuja,amahajan@example.org,2025-11-06,REGULAR
CUST00821,Laksh Iyengar,lakshmimann@example.net,2025-07-28,VIP
CUST00822,Chasmum Modi,osheth@example.org,2023-06-30,VIP
CUST00823,Adweta Mital,pdash@example.net,2024-09-15,VIP
CUST00824,Praneel Swamy,ayushdar@example.com,2025-07-31,REGULAR
CUST00825,Janaki Srivastava,okuruvilla@example.net,2025-07-05,REGULAR
CUST00826,Kashvi Vala,ladnicholas@example.net,2023-09-25,VIP
CUST00827,Ekaja Shenoy,ishanvigade@example.org,2024-08-23,PREMIUM
CUST00828,Oni Parekh,mannbishakha@example.net,2026-03-15,VIP
CUST00829,Yoshita Hari,girindraganesh@example.net,2024-11-09,VIP
CUST00830,Charvi Madan,gopal89@example.com,2024-02-05,REGULAR
CUST00831,Laksh Vasa,kashish76@example.com,2024-03-06,VIP
CUST00832,Tejas Dubey,raghavvora@example.net,2025-10-30,REGULAR
CUST00833,Omisha Sharma,dadakaran@example.org,2025-07-10,PREMIUM
CUST00834,Devika Patil,riyavirk@example.com,2024-03-20,VIP
CUST00835,Ayush Dani,kabirdhar@example.net,2024-06-12,PREMIUM
CUST00836,Jeremiah Kadakia,farhansandal@example.net,2023-12-17,VIP
CUST00837,Anirudh Sule,mbasak@example.org,2023-08-16,PREMIUM
CUST00838,Upasna Dani,caleb14@example.net,2023-07-12,REGULAR
CUST00839,Jatin Jha,qasimpanchal@example.org,2023-11-15,VIP
CUST00840,Arunima Pall,naveen89@example.org,2025-08-19,VIP
CUST00841,Hardik Atwal,rehaanmanda@example.org,2025-10-08,PREMIUM
CUST00842,Hardik Kala,speri@example.net,2024-04-09,REGULAR
CUST00843,Hredhaan Golla,ladli63@example.net,2024-06-14,PREMIUM
CUST00844,Isaiah Murthy,shuklaimaran@example.net,2024-01-24,PREMIUM
CUST00845,Jalsa Mani,butalafalak@example.com,2023-12-23,REGULAR
CUST00846,Bhanumati Shan,sachi38@example.com,2024-09-20,PREMIUM
CUST00847,Ranbir Boase,lpillai@example.org,2026-05-09,PREMIUM
CUST00848,Henry Randhawa,qvirk@example.net,2023-11-06,VIP
CUST00849,Luke Rana,vchaudry@example.org,2023-10-05,PREMIUM
CUST00850,Rushil Nigam,netradas@example.org,2025-04-16,VIP
CUST00851,Arya Mahajan,eparekh@example.net,2026-01-18,REGULAR
CUST00852,Vedhika Vaidya,manan71@example.org,2024-07-20,PREMIUM
CUST00853,Widisha Kashyap,ayushmanchaudhary@example.net,2023-09-17,REGULAR
CUST00854,Wishi Bala,lavanyanarain@example.org,2024-10-09,VIP
CUST00855,Faraj Venkatesh,mshukla@example.com,2026-04-20,VIP
CUST00856,Vritti Thaman,hemal88@example.org,2023-08-15,VIP
CUST00857,Jagat Rajagopal,ymurty@example.com,2025-06-10,PREMIUM
CUST00858,Bachittar Goel,nitesh76@example.org,2024-10-24,VIP
CUST00859,Vinaya Choudhary,kzacharia@example.com,2025-07-05,VIP
CUST00860,Yashawini Bhalla,flall@example.net,2025-02-02,PREMIUM
CUST00861,Bhavani Nagi,balachakradev@example.org,2025-01-16,PREMIUM
CUST00862,Avi Om,bchatterjee@example.com,2025-01-02,PREMIUM
CUST00863,Indali Bhalla,yugkeer@example.net,2024-10-23,VIP
CUST00864,Dominic Mody,nazarethomkaar@example.org,2025-10-10,VIP
CUST00865,Baljiwan Sharma,avarma@example.com,2023-07-28,PREMIUM
CUST00866,Anthony Nadig,uramakrishnan@example.net,2023-11-25,PREMIUM
CUST00867,Harish Jha,watika85@example.org,2026-02-06,REGULAR
CUST00868,Januja Sarin,invalid_email.com,2024-05-24,REGULAR
CUST00869,Alka Batta,neelima39@example.net,2023-11-16,PREMIUM
CUST00870,Gayathri Mahajan,walivaishnavi@example.com,2024-05-17,PREMIUM
CUST00871,Faraj Mittal,rachita85@example.org,2025-03-31,REGULAR
CUST00872,Zayan Varma,invalid_email.com,2026-06-23,PREMIUM
CUST00873,Xalak Kala,oloyal@example.net,2026-02-05,VIP
CUST00874,Darpan Vig,janyashere@example.org,2024-07-04,VIP
CUST00875,Charita Saran,enagar@example.net,2024-05-08,VIP
CUST00876,Amara Mangat,aahanakeer@example.com,2024-07-01,PREMIUM
CUST00877,Mason Handa,korpaldayita@example.com,2025-07-20,PREMIUM
CUST00878,Pahal Bansal,nathanielmahajan@example.org,2023-08-11,REGULAR
CUST00879,Arunima Goda,sunderanmol@example.org,2023-11-04,PREMIUM
CUST00880,Chanchal Bhatt,qpatla@example.net,2023-11-14,PREMIUM
CUST00881,Logan Keer,tellajai@example.net,2026-04-23,REGULAR
CUST00882,Watika Chana,jasonmunshi@example.com,2025-12-20,PREMIUM
CUST00883,Warinder Sampath,maanaschhabra@example.org,2024-05-24,REGULAR
CUST00884,Ria Rege,daksh78@example.com,2026-06-17,PREMIUM
CUST00885,Edhitha Sampath,rkoshy@example.org,2025-01-10,PREMIUM
CUST00886,Jhalak Morar,banerjeechatura@example.net,2026-05-05,PREMIUM
CUST00887,Zehaan Rajagopalan,janani18@example.org,2025-05-14,PREMIUM
CUST00888,Abhiram Ramaswamy,charvi13@example.com,2024-05-18,VIP
CUST00889,Reva Nadig,rbandi@example.org,2025-07-29,VIP
CUST00890,Nitara Natarajan,kchaudhry@example.net,2024-08-05,PREMIUM
CUST00891,Indira Salvi,sudiksha00@example.net,2026-03-19,VIP
CUST00892,Sachi Deshpande,rattanryan@example.net,2024-10-13,REGULAR
CUST00893,Fitan Choudhry,zaidvarty@example.net,2026-03-31,VIP
CUST00894,Nirja Nagarajan,vsridhar@example.org,2024-08-04,REGULAR
CUST00895,Falak Manda,fradosachdeva@example.com,2024-04-04,REGULAR
CUST00896,Krishna Kapur,bajajveer@example.org,2025-06-14,REGULAR
CUST00897,Adweta Ganguly,rattanpushti@example.net,2024-08-04,VIP
CUST00898,Gaurav Pillai,jacobatwal@example.net,2025-09-20,PREMIUM
CUST00899,Sudiksha Talwar,kapursamar@example.org,2024-08-13,PREMIUM
CUST00900,Warda Raja,raaginijhaveri@example.net,2024-05-26,VIP
CUST00901,Ranbir Sahota,nilimadhingra@example.org,2024-09-19,REGULAR
CUST00902,Warinder Seshadri,kalashanker@example.org,2023-07-13,VIP
CUST00903,Kiaan Naik,tkala@example.com,2025-04-14,PREMIUM
CUST00904,Elijah Chandran,bengaurangi@example.org,2025-06-27,VIP
CUST00905,Chakradev Ahluwalia,yamini96@example.com,2025-03-01,VIP
CUST00906,Kevin Barman,abhagara@example.net,2025-07-31,PREMIUM
CUST00907,Upadhriti Deo,nadigrachita@example.org,2024-08-04,PREMIUM
CUST00908,Dhriti Basu,xalakmand@example.net,2025-01-07,REGULAR
CUST00909,Barkha Lall,zansi56@example.org,2024-10-29,REGULAR
CUST00910,Matthew Sarraf,gulatimanthan@example.org,2024-06-18,PREMIUM
CUST00911,Balendra Singhal,nihal76@example.org,2025-08-03,REGULAR
CUST00912,Riya Parikh,fshankar@example.org,2024-02-11,PREMIUM
CUST00913,Ikshita Chander,bhanumatigole@example.org,2025-08-25,VIP
CUST00914,Simon Agrawal,omajabose@example.org,2025-08-08,REGULAR
CUST00915,Falguni Bal,jairaj65@example.net,2023-12-08,PREMIUM
CUST00916,Mitesh Balakrishnan,sharmavarsha@example.com,2026-02-27,VIP
CUST00917,Abdul Narayan,sethiekta@example.net,2025-11-27,VIP
CUST00918,Siddharth Bava,ekantika01@example.net,2026-01-17,PREMIUM
CUST00919,George Rastogi,pranav36@example.org,2023-07-28,PREMIUM
CUST00920,Nicholas Rama,pmane@example.net,2024-02-21,VIP
CUST00921,Chanchal Swaminathan,rmukherjee@example.net,2024-01-16,VIP
CUST00922,Gopal Pillai,vrishtisehgal@example.com,2025-07-06,PREMIUM
CUST00923,Pallavi Chana,npillay@example.org,2025-05-01,PREMIUM
CUST00924,Girik Baria,ubika32@example.com,2025-09-23,VIP
CUST00925,Bina Sidhu,zbuch@example.com,2024-10-05,VIP
CUST00926,Joshua Mital,prishamerchant@example.net,2023-09-09,PREMIUM
CUST00927,Chakradev Varghese,uppalpavani@example.com,2023-11-20,PREMIUM
CUST00928,Zehaan Pant,finn80@example.org,2026-04-19,VIP
CUST00929,Praneel Gopal,fbath@example.com,2026-06-25,PREMIUM
CUST00930,Dipta Sha,vlanka@example.org,2024-05-19,PREMIUM
CUST00931,Farhan Lad,sarafandrew@example.org,2025-03-01,PREMIUM
CUST00932,Agastya Garg,ssharma@example.com,2026-04-13,PREMIUM
CUST00933,Chavvi Patel,fmittal@example.org,2024-01-22,REGULAR
CUST00934,Rayaan Choudhury,guhaavi@example.org,2025-07-13,REGULAR
CUST00935,Wyatt Sarin,gabrielmitra@example.com,2024-02-12,VIP
CUST00936,Pahal Bains,ganesanmichael@example.net,2026-06-22,REGULAR
CUST00937,Vedhika Sinha,senguptaxavier@example.org,2024-09-27,PREMIUM
CUST00938,Charan Nath,chauhanrachana@example.com,2025-08-05,REGULAR
CUST00939,Balhaar Sura,gsunder@example.net,2026-01-31,VIP
CUST00940,Vincent Bhat,samidiya@example.net,2023-10-03,VIP
CUST00941,Omisha Solanki,talwaridika@example.com,2026-06-14,VIP
CUST00942,Ansh Edwin,rehaan75@example.com,2024-06-21,REGULAR
CUST00943,Harinakshi Sidhu,chaayaramakrishnan@example.com,2026-05-07,REGULAR
CUST00944,Urmi Edwin,barkhachadha@example.net,2025-07-16,REGULAR
CUST00945,Oscar Iyengar,vyanjanachaudhuri@example.com,2025-08-01,VIP
CUST00946,Wahab Kadakia,badamijagrati@example.com,2025-01-01,PREMIUM
CUST00947,Owen Thakur,bhattgeetika@example.com,2023-12-21,PREMIUM
CUST00948,Jai Kapur,vkuruvilla@example.com,2023-09-07,VIP
CUST00949,Matthew Varma,bediraksha@example.com,2023-12-16,VIP
CUST00950,Harsh Barman,invalid_email.com,2025-01-08,VIP
CUST00951,Brinda Sathe,jchaudhary@example.net,2025-01-12,VIP
CUST00952,Lakshit Das,invalid_email.com,2024-07-12,PREMIUM
CUST00953,Harita Mangat,fredericklata@example.com,2025-04-01,REGULAR
CUST00954,Yatan Doshi,ikari@example.com,2025-03-30,REGULAR
CUST00955,Tara Varty,invalid_email.com,2025-09-07,PREMIUM
CUST00956,Frado Nigam,neelima26@example.org,2025-02-26,REGULAR
CUST00957,Matthew Bhardwaj,oni68@example.com,2024-10-26,PREMIUM
CUST00958,Abhiram Mammen,netrasehgal@example.net,2024-05-10,REGULAR
CUST00959,Hemani Ravel,charvichad@example.org,2025-10-08,PREMIUM
CUST00960,Madhavi Date,tanay18@example.net,2024-10-24,REGULAR
CUST00961,Nathaniel Bajaj,zachariaaarna@example.org,2024-10-11,VIP
CUST00962,Yashasvi Choudhry,pradhanaashi@example.net,2025-08-23,VIP
CUST00963,Jatin Batta,senchanchal@example.net,2023-07-05,REGULAR
CUST00964,Harinakshi Keer,inayamistry@example.com,2026-04-28,PREMIUM
CUST00965,Krishna Venkatesh,henrynarang@example.net,2025-12-17,REGULAR
CUST00966,Jalsa Sha,dinpavani@example.com,2023-11-01,REGULAR
CUST00967,David Sandal,vamakshikala@example.com,2023-10-26,VIP
CUST00968,Neha Venkataraman,llalla@example.com,2026-03-11,PREMIUM
CUST00969,Ria Suri,jgaba@example.net,2024-01-10,VIP
CUST00970,Tanvi Dayal,kalatamanna@example.com,2023-08-16,REGULAR
CUST00971,Kala Dani,hchoudhary@example.com,2025-12-01,VIP
CUST00972,Banjeet Virk,jacobprabhu@example.com,2025-01-28,PREMIUM
CUST00973,Chaitaly Sunder,dharlucky@example.net,2025-04-12,REGULAR
CUST00974,Dalaja Mander,qadimsuresh@example.org,2024-01-03,REGULAR
CUST00975,Ekansh Basu,ksrivastava@example.com,2025-11-21,VIP
CUST00976,Geetika Purohit,wdeo@example.org,2025-08-19,PREMIUM
CUST00977,Shivani Sen,eshanachakraborty@example.net,2026-04-24,PREMIUM
CUST00978,Lila Kaul,inori@example.org,2026-05-03,PREMIUM
CUST00979,Arunima Chakrabarti,aryanmore@example.net,2026-03-25,PREMIUM
CUST00980,Frederick Hans,vigranbir@example.com,2025-08-15,PREMIUM
CUST00981,Jai Wali,anirudhmaharaj@example.org,2024-07-12,REGULAR
CUST00982,Frado Walla,neelima90@example.com,2023-08-02,REGULAR
CUST00983,Rajeshri Gole,hbajwa@example.com,2025-02-09,PREMIUM
CUST00984,Gavin Contractor,gangulybhavika@example.org,2024-04-05,PREMIUM
CUST00985,Gaurav Dube,nikita20@example.net,2024-11-13,REGULAR
CUST00986,Avi Bhardwaj,madhavi15@example.org,2025-03-29,REGULAR
CUST00987,Aarna Prashad,bensamaksh@example.org,2026-01-09,PREMIUM
CUST00988,Waida Trivedi,rcontractor@example.org,2024-11-02,PREMIUM
CUST00989,Niharika Bhatti,abalakrishnan@example.net,2024-06-24,REGULAR
CUST00990,Amruta Chaudhuri,jeremiahmodi@example.net,2025-03-19,VIP
CUST00991,Fiyaz Tella,luckyprakash@example.net,2024-03-14,VIP
CUST00992,Pallavi Seth,agarwalucchal@example.net,2024-09-18,VIP
CUST00993,Aadi Bhasin,mmahajan@example.com,2026-05-18,REGULAR
CUST00994,Indali Kala,chakradev28@example.net,2023-10-13,REGULAR
CUST00995,Gaurav Rana,deyati@example.com,2024-05-19,REGULAR
CUST00996,Hema Lal,pmahajan@example.net,2024-11-07,VIP
CUST00997,Shivansh Sharaf,amol20@example.net,2025-07-06,PREMIUM
CUST00998,Aditya Ghose,wsuresh@example.com,2025-10-09,REGULAR
CUST00999,Faras Yohannan,saxenajatin@example.com,2025-01-31,REGULAR
CUST01000,Lila Goel,dashturvi@example.com,2024-04-21,REGULAR
CUST00522,Naveen Gour,invalid_email.com,2024-04-03,VIP
CUST00738,Ria Ganesh,hemanibhagat@example.net,2024-08-10,PREMIUM
CUST00741,Bhavya Sen,hmutti@example.net,2023-08-29,VIP
CUST00661,Odika Sabharwal,saanvi42@example.org,2023-12-09,VIP
CUST00412,Aarav Bava,usarma@example.com,2024-03-11,VIP
CUST00679,Wakeeta Khanna,vamakshisetty@example.com,2025-05-13,VIP
CUST00627,Praneel Sagar,parmartara@example.net,2026-04-25,REGULAR
CUST00514,Ekbal Dube,sharafgarima@example.org,2023-11-09,REGULAR
CUST00860,Yashawini Bhalla,flall@example.net,2025-02-02,PREMIUM
CUST00137,Lipika Setty,oni92@example.com,2026-04-09,PREMIUM
